{
  "nbImages":3,
  "lonRange":[6.539770,6.551614],
  "latRange":[46.525280,46.542231],
  "hRange":[600,700],
  "yawRange":[0,360],
  "pitchRange":[-90,-60],
  "rollRange":[-15,15]
}

