{
  "nbImages":10,
  "lonRange":[6.539375795806989,6.55210592076006],
  "latRange":[46.52483532843537,46.542718948893],
  "hRange":[500,600],
  "yawRange":[0,360],
  "pitchRange":[-90,-30],
  "rollRange":[-15,15]
}
